t,p1,p2,p1_p2_minus_q,pillow_h_order10,pillow_h_order8,c_recursion_order22,c_recursion_order20,ccy_plane_h_order10,ccy_plane_h_order8,relative_h10_vs_c22,relative_h_truncation_shift,relative_c_truncation_shift,relative_ccy_h10_vs_c22,relative_ccy_h_truncation_shift,map_residual
0.12,0.2581433351655463,0.02018708661814927,0.0,0.7768517231377391,0.7768517578869228,0.7768503449529901,0.7768483394558995,0.7764878787753077,0.7758584807354374,1.7740672421494605e-06,4.4730778258779015e-08,2.5815812286250613e-06,0.00046658430421932126,0.0008112278920681528,2.999545952778076e-67
0.13,0.22444123803885047,0.023218379618734665,0.0,0.7418423011674793,0.7418423088200385,0.7418421074920135,0.7418417424312708,0.7417065131875269,0.7414041791860655,2.610737026706153e-07,1.0315614450635357e-08,4.921005679674957e-07,0.0001827805446971647,0.0004077856720382454,6.665769467395092e-67
0.14,0.19858556683361037,0.026241392816080723,0.0,0.7135487301012933,0.7135487319525512,0.713548697728858,0.713548621701187,0.7134927038489187,0.713337601404739,4.536822145516629e-08,2.5944379431399097e-09,1.065486900760284e-07,7.847240155776124e-05,0.00021743203200611704,2.3857333303486482e-67
0.15,0.17803723843764555,0.029270066827676276,0.0,0.6899621948748175,0.6899621952770537,0.6899621886193043,0.6899621708179047,0.6899370677332115,0.6898526620780902,9.066457994167452e-09,5.829830056360863e-10,2.5800544334166986e-08,3.640907647859104e-05,0.00012235316287262398,3.4795351796934316e-67
0.16,0.16127096056509785,0.03231308258241141,0.0,0.6698591032625598,0.6698591032762842,0.6698591018929976,0.6698590972709453,0.6698469900496936,0.669798498459779,2.044552715160734e-09,2.048841908666775e-11,6.9000365783745415e-09,1.808118045980266e-05,7.239728071368482e-05,4.8453211420784435e-67
0.17,0.14730656340620094,0.035376304669568134,0.0,0.6524373478600579,0.6524373477766681,0.652437347525071,0.6524373462085973,0.6524311170507693,0.652401798644151,5.13439223821373e-10,1.27812885356869e-10,2.0177780614915196e-09,9.54953655758602e-06,4.493918729106793e-05,4.2777156676310465e-67
0.18,0.13548165332655263,0.03846396717882023,0.0,0.6371421507784985,0.6371421506838614,0.6371421506876955,0.6371421502797885,0.6371387463307596,0.6371201244186816,1.4251596046692723e-10,1.4853378296777449e-10,6.402135982938766e-10,5.343167034524243e-06,2.9228259105848063e-05,7.275866300018921e-67
0.19,0.1253306626281464,0.04157930515652211,0.0,0.6235737564255927,0.6235737563450854,0.6235737563983281,0.6235737562616632,0.6235717847784626,0.6235593676040749,4.372290601264017e-11,1.2910627353918594e-10,2.191640750096389e-10,3.161806995984485e-06,1.991337959592241e-05,9.00362757274887e-67
0.2,0.11651585752828886,0.04472491536716025,0.0,0.6114346430028906,0.6114346429429651,0.6114346429937375,0.6114346429444041,0.6114334329448305,0.6114247398280354,1.496995596712003e-11,9.800809607621537e-11,8.068474688498302e-11,1.9790322985892415e-06,1.4217803482428687e-05,9.284205238393426e-67
0.21,0.10878576855006558,0.047902974224854886,0.0,0.600497495097093,0.6004974950581835,0.6004974950935973,0.6004974950744204,0.600496707031976,0.6004903142541805,5.821343626238042e-12,6.479543554189936e-11,3.193509307277228e-11,1.3123478912474417e-06,1.0645929907006748e-05,4.3429483759313906e-67
0.22,0.10194900857458129,0.05111537561517894,0.0,0.590584829179284,0.5905848291600396,0.5905848291777475,0.5905848291696905,0.5905842833015471,0.5905793430393587,2.601696250266439e-12,3.258531188190524e-11,1.3642479967922397e-11,9.242977019359048e-07,8.365111727441693e-06,5.076956177446243e-67
0.23,0.09585716607664647,0.05436382150832652,0.0,0.5815555183441973,0.581555518342902,0.5815555183434339,0.5815555183397394,0.5815551151936169,0.5815511034542864,1.3127164330777568e-12,2.227292765617553e-12,6.3527616498273735e-12,6.932267070143452e-07,6.898343596492967e-06,2.818666540268017e-67
0.24,0.09039327648298823,0.05764988359356072,0.0,0.5732955857016829,0.5732955857167193,0.5732955857012809,0.5732955856993992,0.5732952677239348,0.5732918474724361,7.014109384945822e-13,2.6227888292994328e-11,3.2821136711239384e-12,5.546481674887439e-07,5.965986632723469e-06,7.042447559034314e-67
0.25,0.08546384406979456,0.060975046507726643,0.0,0.5657117383213767,0.565711738351356,0.5657117383211793,0.5657117383200878,0.565711470463957,0.5657084147260573,3.4891695099377203e-13,5.2994097032216096e-11,1.929440152061598e-12,4.734871210098259e-07,5.401612951434009e-06,7.187388564295857e-67
0.26,0.0809931925754053,0.06434073903227347,0.0,0.5587267169885781,0.5587267170323568,0.5587267169885185,0.5587267169877773,0.5587264764889492,0.558723623658216,1.0664211045426871e-13,7.83543383601618e-11,1.326616312792163e-12,4.3044222156975723e-07,5.105978362704994e-06,5.5529135817905946e-67
0.27,0.07691938343191995,0.06774835723296109,0.0,0.5522758822258043,0.5522758822824635,0.5522758822258488,0.5522758822252481,0.5522756529911274,0.5522728798996255,8.061703025420525e-14,1.0259244617384622e-10,1.087392392762883e-12,4.150728444860761e-07,5.021234253668665e-06,9.904623123755477e-68
0.28,0.07319121364193314,0.07119928209387161,0.0,0.5463046622040997,0.5463046622729196,0.546304662204227,0.5463046622036459,0.5463044315455914,0.5463016365538568,2.331016419021566e-13,1.259734909233609e-10,1.063742142557764e-12,4.2221612153641997e-07,5.116206043632231e-06,5.463942159587749e-67
0.29,0.06976597240776392,0.07469489332746541,0.0,0.5407666142146511,0.5407666142950863,0.5407666142148435,0.5407666142141837,0.5407663708062,0.5407634626350243,3.557989287118807e-13,1.4874298447972268e-10,1.220090778293037e-12,4.5011773478672854e-07,5.377898797990712e-06,1.588613054249602e-67
0.3,0.06660774069962187,0.07823658049573215,0.0,0.5356219310875147,0.5356219311791774,0.5356219310877526,0.5356219310868995,0.5356216635537895,0.5356185534261046,4.4425565905076e-13,1.7113336590037398e-10,1.5926994144918924e-12,4.994828396472318e-07,5.806609321074195e-06,9.232516707893168e-68
0.31,0.06368608567778859,0.0818257522255334,0.0,0.5308362756695647,0.5308362757722144,0.5308362756698217,0.5308362756686068,0.5308359714754376,0.5308325671444498,4.842274785723191e-13,1.933734770516646e-10,2.288856745868224e-12,5.73047468848189e-07,6.413191651268327e-06,4.141240940678472e-67
0.32,0.060975046507726643,0.08546384406979456,0.0,0.5263798608123927,0.5263798609259327,0.526379860812628,0.5263798608107789,0.5263795052609455,0.5263757060636448,4.46986709254747e-13,2.1569966585443197e-10,3.5129040057579844e-12,6.754659687409617e-07,7.217653202488557e-06,6.138607668108311e-67
0.33,0.058452338094959984,0.08915232541115665,0.0,0.5222267155890702,0.5222267157135526,0.5222267155892162,0.5222267155862811,0.5222262908047482,0.5222219832006914,2.7949275930603627e-13,2.3836839412300436e-10,5.620439301483582e-12,8.134100674586743e-07,8.248607288456486e-06,4.717057137025733e-67
0.34,0.05609871978282096,0.09289270569915267,0.0,0.5183540945196268,0.5183540946552648,0.518354094519568,0.5183540945147934,0.5183535783278519,0.5183486315688589,1.132861555131375e-13,2.616708007977912e-10,9.211121585819985e-12,9.958283760269366e-07,9.543304817852423e-06,1.3222458880864603e-67
0.35,0.053897490322801764,0.09668654023915094,0.0,0.5147419978586797,0.5147419980058702,0.514741997858217,0.514741997850352,0.5147413624891612,0.5147356241743352,8.988897167132526e-13,2.8594999674043744e-10,1.527939148174474e-11,1.23434469758489e-06,1.1148081765870286e-05,7.079320960895276e-67
0.36,0.05183408049682211,0.100535435700539,0.0,0.5113727790337687,0.5113727791931237,0.5113727790325572,0.5113727790195408,0.5113719895798855,0.5113652809142729,2.3690581527549506e-12,3.1162212148117105e-10,2.5453799772408317e-11,1.5437909564862064e-06,1.3119126117973972e-05,2.67861333674183e-67
0.37,0.049895721975762634,0.10444105547598244,0.0,0.5082308211306278,0.508230821303021,0.5082308211280734,0.5082308211065388,0.5082298336957081,0.5082219443081331,5.026120976740867e-12,3.39202456814674e-10,4.237159524439448e-11,1.9428817071289323e-06,1.552350830844263e-05,2.7414900860204756e-67
0.38,0.04807117621934939,0.10840512499852765,0.0,0.5053022685737696,0.505302268760397,0.5053022685688552,0.5053022685333536,0.5053010280289933,0.505291710225569,9.725664486867126e-12,3.6933821067596106e-10,7.025810467102017e-11,2.4550451066372726e-06,1.8440443878008767e-05,6.126554694111683e-67
0.39,0.04635051104971749,0.11242943710577671,0.0,0.5025748033012782,0.5025748035037405,0.5025748032922774,0.5025748032340727,0.5025732405703056,0.5025622029109842,1.7909521456647035e-11,4.0284998789931033e-10,1.158132153662544e-10,3.1094315941549264e-06,2.1962772483788505e-05,6.213798676500968e-67
0.4,0.04472491536716025,0.11651585752828886,0.0,0.5000374570929671,0.5000374573133759,0.5000374570769748,0.5000374569821907,0.5000354858656914,0.5000223859556225,3.1982211785882237e-11,4.40784480827439e-10,1.8955390505736547e-10,3.942127245723679e-06,2.619864717424269e-05,4.281589221169531e-67
0.41,0.043186544599559326,0.12066633057135104,0.0,0.49768045349760415,0.49768045373872116,0.49768045346977735,0.4976804533165776,0.49767796625974264,0.49766240264736644,5.591292443303955e-11,4.844815745088078e-10,3.0782756054332366e-10,4.997604421405392e-06,3.127343414614082e-05,4.743601268713138e-67
0.42,0.04172839108110796,0.12488288505434646,0.0,0.4954950741703803,0.49549507443579716,0.4954950741227193,0.4954950738770514,0.4954919374167971,0.4954734404878777,9.618868474063072e-11,5.356599079982869e-10,4.958028690557554e-10,6.330448244595139e-06,3.733182731478031e-05,1.741665517290259e-67
0.43,0.04034417477868,0.12916764056948007,0.0,0.4934735454850241,0.4934735457793939,0.4934735454044353,0.493473545013667,0.49346959396244205,0.49344761571448353,1.633092869472454e-10,5.965260153088135e-10,7.918727497931034e-10,8.007403902405424e-06,4.454018473008855e-05,4.911282823349872e-67
0.44,0.03902825072392989,0.13352281412114725,0.0,0.49160894210450373,0.4916089424338392,0.49160894196974847,0.4916089413532318,0.49160397190317673,0.4915778744783867,2.7411059435311184e-10,6.69913551310992e-10,1.2540794906249383e-09,1.0109796928924894e-05,5.3089095634569667e-05,5.811225225490401e-67
0.45,0.03777553023703768,0.13795072720846804,0.0,0.4898951048373601,0.48989510520941626,0.4898951046142895,0.4898951036494841,0.4898888651207915,0.48985790796830864,4.5534369743737853e-10,7.594608723822154e-10,1.9694121430871987e-09,1.273638670644047e-05,6.319618807681299e-05,5.4871579138814267e-67
0.46,0.036581413595835,0.14245381341627927,0.0,0.48832657061556767,0.48832657104033245,0.4883265702497414,0.48832656875196995,0.48831875374181016,0.48828207927149336,7.491426084968161e-10,8.6983749607358e-10,3.0671513080158335e-09,1.6006722565366697e-05,7.51091876471785e-05,1.0886011942197162e-67
0.47,0.03544173225008637,0.14703462658409203,0.0,0.48689851283580476,0.48689851332612755,0.48689851224115077,0.48689850993428707,0.4868887425824502,0.48684536016328406,1.2213099100730417e-09,1.0070328471641058e-09,4.737873790087491e-09,2.006508226038727e-05,8.910923820159344e-05,4.451685001573082e-67
0.48,0.034352699033350365,0.15169584962816776,0.0,0.4856066906326961,0.4856066912050926,0.4856066896742173,0.48560668614856034,0.4855945081894016,0.48554327633557864,1.9737760546113245e-09,1.1787243889445427e-09,7.260313886928713e-09,2.508508444118947e-05,0.00010551449545264471,9.38217992749217e-68
0.49,0.03331086510537226,0.1564403040989885,0.0,0.48444740591782975,0.4844474065935113,0.48444740438542744,0.4844473990375867,0.4844322532539861,0.48437185983104164,3.1631965203934176e-09,1.3947469719035768e-09,1.1039053424773372e-08,3.127508023403692e-05,0.00012468400407388653,5.653432901497379e-67
0.5,0.03231308258241141,0.16127096056509785,8.236092143148846e-84,0.48341746723582607,0.4834174680420172,0.48341746480495434,0.48341745675265296,0.4833986673854016,0.4833276076574238,5.028514468269868e-09,1.6676913112377717e-09,1.6657034831881125e-08,3.888444444251897e-05,0.00014702186850495597,4.88418216817328e-67
0.51,0.03135647199348129,0.16619094992472916,0.0,0.4825141596690297,0.4825141606406527,0.4825141558419519,0.48251414380407776,0.48249089339809964,0.4824074457250343,7.93153478414731e-09,2.0136673268021438e-09,2.494823062268748e-08,4.821090442757985e-05,0.00017298172697133017,3.806926580254782e-67
0.52,0.030438393846513555,0.17120357575903147,0.0,0.48173522017377796,0.4817352213556085,0.4817352141924259,0.4817351963212322,0.48170649840685775,0.4816086973882803,1.2416265034133837e-08,2.4532781641757956e-09,3.709754613712455e-08,5.960906473536687e-05,0.00020307153734519138,6.803577427271624e-68
0.53,0.029556423707141562,0.17631232785533776,0.0,0.4810788178602484,0.4810788193096734,0.4810788085777529,0.48107878222556155,0.4810434491369876,0.4809290559854177,1.9295166013528408e-08,3.0128637463547894e-09,5.477728880895505e-08,7.350030833797722e-05,0.0002378586823695892,5.0424566440970325e-68
0.54,0.028708330289707876,0.1815208970461461,0.0,0.48054353883989814,0.48054354063044646,0.48054352453230487,0.48054348592907387,0.4805000909512043,0.48036656086408996,2.9773771895472818e-08,3.726089582133754e-09,8.033244053546441e-08,9.038428130494603e-05,0.0002779754004402718,1.4382127672835597e-67
0.55,0.02789205613958087,0.1868331915297489,0.0,0.4801283753638483,0.4801283775897131,0.48012835345572147,0.4801282972659784,0.48007513017278436,0.4799195764576704,4.562972936612467e-08,4.635978469459536e-09,1.17030684054165e-07,0.00011085219723849886,0.0003241245465795222,1.0019679951969773e-67
0.56,0.02710570055132406,0.19225335486229542,0.0,0.47983271906593955,0.4798327218477752,0.4798326857326213,0.47983260445000514,0.4797676193497721,0.47958677404187766,6.946862784751285e-08,5.79751125906909e-09,1.6939785962187445e-07,0.00013560223132754942,0.0003770856864342922,4.685612105479159e-67
0.57,0.02634750442138412,0.19778578583918355,0.0,0.47965635820883074,0.4796563617011896,0.4796563078028671,0.4796561909271982,0.47957694515954935,0.4793671158550051,1.050876697123255e-07,7.280960089106238e-09,2.436655069272122e-07,0.00016545731188493938,0.00043772152407672556,2.086211350519911e-67
0.58,0.02561583677887561,0.20343516051688246,0.0,0.47959947891339505,0.47959948331427965,0.47959940314144034,0.4795992360660105,0.4795028186989869,0.479259841310297,1.579900937903344e-07,9.176166278466041e-09,3.4836467042107165e-07,0.00020138566024229516,0.0005069846620689106,3.4585536907070196e-67
0.59,0.024909182775434042,0.20920645666561885,0.0,0.4796626704336403,0.4796626759967868,0.47966255718078515,0.479662319695384,0.47954526794417107,0.4792644550670678,2.3610943451090918e-07,1.1598039153767564e-08,4.951095623391595e-07,0.0002445244784238967,0.000585924689666326,1.6121640378242558e-67
0.6,0.024226132946335438,0.21510498099008765,0.0,0.479846934624305,0.4798469416750016,0.4798467662822228,0.47984643056899207,0.47970463219660586,0.47938071675932115,3.5082466751650254e-07,1.469363657922883e-08,6.996263998791471e-07,0.0002962072386527648,0.0006756955921682254,4.742958104542094e-68
0.61,0.02356537358122287,0.22113639951106603,0.0,0.48015369983923367,0.48015370879472447,0.48015345093870015,0.48015297890162795,0.4799815583608188,0.47960863220790706,5.183770585013867e-07,1.865129976849146e-08,9.830972481190095e-07,0.0003579950899973887,0.0007775634712722904,4.466566597550733e-67
0.62,0.022925678064709867,0.22730677156748996,0.0,0.480584839599024,0.4805848509948747,0.48058447347066213,0.48058381319340027,0.48037699892228025,0.4799484459654596,7.618397639364491e-07,2.3712463491434798e-08,1.3739065772678997e-06,0.0004317129658466722,0.0008929145628518413,3.32394934241478e-67
0.63,0.022305899065548303,0.23362258797868926,0.0,0.4811426964802385,0.4811427110044747,0.4811421605622113,0.48114124163048616,0.48089221151514344,0.4804006350631663,1.113845493250879e-06,3.0186960928388514e-08,1.9099001408311255e-06,0.0005194910518250985,0.0010232635348462267,4.236248264414444e-67
0.64,0.021704961468519156,0.24009081400319843,0.0,0.48183011181046015,0.4818301303478664,0.4818293310780194,0.4818280584292034,0.4815287599870797,0.48096590384537935,1.6203505897734779e-06,3.8472907900435744e-08,2.641292456368867e-06,0.000623812357515004,0.001170262043941758,2.960877718474792e-67
0.65,0.02112185595618347,0.24671893784784768,0.0,0.4826504619095245,0.4826504855992693,0.48264932970489677,0.48264757557466004,0.4822885168838712,0.48164517979263566,2.345812079297602e-06,4.9082608567111465e-08,3.634391480539698e-06,0.0007475672270096638,0.0013357075254288382,6.543004429561492e-68
0.66,0.020555633158480323,0.25351502562376343,0.0,0.4836077018047964,0.483607732115592,0.4836060670779428,0.48360366049784587,0.4831736672898075,0.48243961024619425,3.3802860735611016e-06,6.267640812814085e-08,4.9763479756264615e-06,0.0008941157226333406,0.001521552186062556,1.192872605170778e-67
0.67,0.020005398297165803,0.2604877838209847,0.0,0.48470641757685706,0.48470645640527377,0.4847040671824697,0.48470078033747516,0.48418671397162416,0.4833505599580193,4.8491327935373735e-06,8.010707553587187e-08,6.781183624751813e-06,0.0010673589224304565,0.001729912164946115,4.1055905642253644e-67
0.68,0.019470306259472717,0.267646630589053,-8.236092143148846e-84,0.48595188877372186,0.485951938573201,0.48594852297242835,0.48594405354703674,0.4853304837839774,0.4843796093995114,6.9262506919611715e-06,1.024781983919186e-07,9.1974073126487e-06,0.0012718202839069274,0.0019630768224219884,1.8159953139532457e-67
0.69,0.01894955704129733,0.2750017773781193,0.0,0.48735016268288506,0.4873502266336199,0.4873453613172477,0.4873393097353857,0.48660813530348834,0.4855285537704206,9.852080307834364e-06,1.312213092797082e-07,1.2417594355921796e-05,0.0015127383417925682,0.0022235181117241233,9.217874894343282e-68
0.7,0.0184423915047943,0.2825643228282039,0.0,0.4889081426924982,0.4889082249259697,0.48890131858568564,0.48889315877305084,0.4880231676663919,0.48679940265645005,1.3958045423818208e-05,1.6819817562099972e-07,1.669038007259207e-05,0.0017961721229021084,0.00251389998275227,8.207562908599881e-68
0.71,0.017948087398537423,0.2903463612122523,0.0,0.4906336935345843,0.49063379943154745,0.4906240284018429,0.49061307035868723,0.48957943059194275,0.48819438029023177,1.969967262494181e-05,2.158370728462985e-07,2.233540812037138e-05,0.002129120771566775,0.002837087761820551,1.899106348677662e-67
0.72,0.01746595559037674,0.2983611082668748,0.0,0.49253576692328394,0.4925359035109831,0.49252212336991535,0.492507465423516,0.4912811355800915,0.4897159263757481,2.7701402071437327e-05,2.7731521332890284e-07,2.9761876577414427e-05,0.002519658977616727,0.0031961574456585225,2.3703968813786288e-67
