z,q,p1,p2,p3,pillow_h_order10,pillow_h_order8,c_recursion_order20,c_recursion_order18,relative_h10_vs_c20,relative_h_truncation_shift,relative_c_truncation_shift,difference_over_shift_sum,cover_residual,nome_product_residual
0.015,0.0009446012393394202,0.010023739482445919,0.40015733777866375,0.23549839693866323,0.36563576365180617,0.3656333294533512,0.3656335861820832,0.36562895425034037,5.955332894052479e-06,6.657485132961547e-06,1.2668394253264194e-05,0.3081532682180073,7.131395210619556e-67,1.0295115178936058e-84
0.018083333333333333,0.0011405502127938678,0.012153736542464872,0.39911962863130085,0.2351264599347281,0.40109490969501627,0.4010922995291262,0.40109248830027416,0.4010873692439845,6.036998479784573e-06,6.5076439840820416e-06,1.2762945637708496e-05,0.31327523434768895,2.5572751060249838e-67,0.0
0.021166666666666667,0.001337115105511629,0.014308557277998096,0.39807223554367765,0.23475295133653876,0.4338521295041632,0.4338493703494601,0.43384947454263323,0.4338438952618432,6.119545339349292e-06,6.359706597871142e-06,1.2860111323397997e-05,0.31839767496326005,2.8375047504721757e-67,0.0
0.02425,0.0015342997417677777,0.016488711488121695,0.39701499609155644,0.23437785842345124,0.4645171115667377,0.46451422522697944,0.4645142301678394,0.4645082101348166,6.203036874203688e-06,6.213673557213146e-06,1.2960014250421806e-05,0.3235181951660672,1.1860394811586174e-67,2.0590230357872116e-84
0.027333333333333334,0.0017321079815616866,0.01869472429293128,0.395947743755362,0.23400116831791481,0.4935079892009307,0.49350499384969554,0.4935048862689148,0.4934984398046456,6.2875406145242495e-06,6.069545946852938e-06,1.3062785511161651e-05,0.3286343135086331,2.5376575151203933e-67,2.0590230357872116e-84
0.030416666666666668,0.0019305437210640566,0.02092713674861334,0.3948703077777966,0.23362286798281096,0.5211261469082831,0.52112305804235,0.5211228257255074,0.521115963376044,6.373128582521966e-06,5.927325389454603e-06,1.3168565051895498e-05,0.33374346182473064,6.004175157857855e-67,0.0
0.0335,0.00212961089307097,0.023186506493705444,0.3937825130150036,0.23324294421873434,0.5475972600660758,0.547594091131358,0.5475937226776013,0.547586452097149,6.4598776939937976e-06,5.78701408400816e-06,1.3277502437291227e-05,0.33884298543719427,2.4594785296535343e-67,0.0
0.036583333333333336,0.002329313467465102,0.025473408428468364,0.3926841797809142,0.2328613836612136,0.573095500715609,0.5730922635381406,0.5730917481852279,0.5730840747283351,6.547870202219902e-06,5.648614846764946e-06,1.3389757683405724e-05,0.3439301438105226,6.81093921364651e-67,4.118046071574423e-84
0.03966666666666667,0.0025296554516842282,0.027788435429433517,0.39157512368438663,0.2324781727778706,0.5977586428709682,0.5977553479650918,0.59775467545711,0.5977466025890744,6.637194188739016e-06,5.512131154898682e-06,1.3505502165474649e-05,0.3490021117206356,3.735125570612007e-67,0.0
0.04275,0.002730640891197162,0.030132199101341284,0.39045515545872095,0.2320932978655166,0.6216979253527983,0.6216945821484092,0.6216937426320468,0.6216852722201917,6.72794410601832e-06,5.377567193107455e-06,1.362491960754488e-05,0.3540559810196714,4.200856116728457e-67,4.118046071574423e-84
0.04583333333333333,0.002932273869987272,0.032505330568850965,0.3893240807831033,0.2317067450471829,0.6450047356670399,0.6450013526814474,0.6450003366219554,0.64499146914562,6.8202213775889084e-06,5.244927903391919e-06,1.3748207161881417e-05,0.35908876307939613,2.2586172589537023e-67,0.0
0.048916666666666664,0.003134558511043717,0.03490848131058251,0.38818170009550074,0.23131850026908501,0.667755282832369,0.6677518678030538,0.6677506659140773,0.6677414006171326,6.914135061856014e-06,5.114219038267228e-06,1.3875576587092807e-05,0.3640973920026022,7.31899361348345e-67,4.118046071574423e-84
0.052,0.003337498976860551,0.037342324038245445,0.387027808396495,0.23092854929751813,0.69001395189301,0.6900105118820232,0.6900091150653304,0.6899994500667143,7.009802586528702e-06,4.985447217690742e-06,1.400725553508728e-05,0.36907872869770436,2.3080104574789234e-67,0.0
0.05508333333333333,0.003541099469943854,0.03980755362382255,0.3858621950435055,0.23053687771568152,0.7118357675947258,0.7118323090720393,0.7118307083643409,0.7118206407369684,7.107350561464644e-06,4.858619990014659e-06,1.4143488958324354e-05,0.37402956591751896,3.493372882493908e-67,0.0
0.058166666666666665,0.003745364233327031,0.042304888078007634,0.384684643534812,0.2301434709204308,0.7332682401025093,0.7332647690134174,0.7332629555382184,0.7332524813633414,7.2069156787128e-06,4.7337458973027745e-06,1.4284540650397956e-05,0.37894663436880965,6.881011701909838e-67,0.0
0.06125,0.003950297551094457,0.04483506958334853,0.3834949312827428,0.22974831411895505,0.7543527721380363,0.7543492939582525,0.7543472588811792,0.754336373283098,7.308645709686456e-06,4.61083454538382e-06,1.4430694934819348e-05,0.38382661000446455,2.5392045272748468e-67,0.0
0.06433333333333334,0.004155903748913613,0.04739886558582245,0.38229282937534803,0.22935139232537727,0.7751257485195883,0.77512226830069,0.7751200027870702,0.7751086999516271,7.412700610742362e-06,4.489896679050653e-06,1.4582258519012658e-05,0.38866612261497785,4.0978513961451604e-67,0.0
0.06741666666666667,0.004362187194575892,0.04999706994887129,0.38107810232582395,0.22895269035727575,0.7956193915736073,0.7956159139807927,0.795613409154497,0.7956016823337488,7.519253750017743e-06,4.3709442628554726e-06,1.4739562533055848e-05,0.39346176584006043,7.78157719403373e-68,8.236092143148846e-84
0.0705,0.004569152298546233,0.05263050417425379,0.3798505078089002,0.22855219283212397,0.8158624411793644,0.8158589705229989,0.8158562174257002,0.8158440589304276,7.628493270233162e-06,4.253990567996453e-06,1.4902964775672864e-05,0.39821010872451107,4.7513227907130286e-67,0.0
0.07358333333333333,0.004776803514521774,0.05530001869443191,0.3786097963833366,0.228149884163647,0.835880701569021,0.835877241831101,0.8358742313812153,0.8358616325623734,7.74062360436514e-06,4.139050265841532e-06,1.5072852193504451e-05,0.40290770894475214,2.851431463969406e-67,0.0
0.07666666666666666,0.004985145339999683,0.05800649424160369,0.3773557111996131,0.2277457485580914,0.8556974855740663,0.8556940404304657,0.8556907633810961,0.8556777146008915,7.855867163701484e-06,4.026139528690814e-06,1.5249643623873454e-05,0.40755112783349684,7.686379776873233e-68,0.0
0.07975,0.005194182316854362,0.06075084329892819,0.376087987691819,0.2273397700104067,0.8753339790130666,0.8753305518522437,0.875326998747483,0.8753134893404216,7.974466220906848e-06,3.915276138441018e-06,1.5433792836261727e-05,0.41213694732975437,6.406613524025207e-67,8.236092143148846e-84
0.08283333333333333,0.005403919031924206,0.06353401163996443,0.37480635325266987,0.22693193230033532,0.8948095422305151,0.8948061361692083,0.8948022972981636,0.8947883155221384,8.096685014461555e-06,3.8064796038841344e-06,1.5625791913710487e-05,0.4166617889797674,6.800563111529518e-67,8.236092143148846e-84
0.08591666666666667,0.00561436011760811,0.06635697996286966,0.37351052689048975,0.2265222189884086,0.9141419616939269,0.9141385795902575,0.9141344449381472,0.9141199779153851,8.222812105339175e-06,3.6997712874488706e-06,1.5826175022568243e-05,0.42112233511165326,4.5310540575309976e-67,0.0
0.089,0.005825510252471912,0.0692207656264789,0.37220021886690263,0.22611061341184588,0.9333476615551713,0.9333443060194831,0.933339865215122,0.9333248988625873,8.353163022241871e-06,3.5951745422782076e-06,1.6035522627717384e-05,0.42551535230288245,7.118104810960521e-67,8.236092143148846e-84
0.09208333333333334,0.006037374161864984,0.07212642449602351,0.3708751303138671,0.22569709868035376,0.952441882859094,0.9524385562627947,0.9524337985217332,0.9524183174703637,8.488083238351005e-06,3.492714860630609e-06,1.6254466220955746e-05,0.4298377172560535,5.5015411291086136e-67,0.0
0.09516666666666666,0.0062499566185471615,0.07507505290694746,0.3695349528285738,0.22528165767182257,0.9714388364169879,0.9714355408995965,0.971430454962107,0.9714144424640371,8.627951530671588e-06,3.3924200346968984e-06,1.6483693643017795e-05,0.4340864451960414,7.094400547262089e-67,0.0
0.09825,0.006463262443326239,0.07806778975605634,0.3681793680445953,0.2248642730279168,0.9903518341013556,0.9903485715759215,0.9903431456389307,0.9903265834616192,8.773183783031903e-06,3.294320331040801e-06,1.6723955095316846e-05,0.4382587209026225,6.566528337178108e-67,8.236092143148846e-84
0.10133333333333333,0.006677296505706218,0.08110581873009105,0.3668080471775364,0.22444492714955663,1.0091934023541522,1.0091901745111707,1.0091843961531153,1.0091672644590362,8.924237306129194e-06,3.198448679999694e-06,1.697606995652385e-05,0.4423519325002845,4.6850103278299156e-67,8.236092143148846e-84
0.10441666666666667,0.006892063724546565,0.0841903706827699,0.3654206505432757,0.22402360219228643,1.0279753809567473,1.0279721892666691,1.0279660453641057,1.0279483225743633,9.081615763308837e-06,3.104840881524531e-06,1.724093454236846e-05,0.44636370814571524,7.712812513895187e-67,8.236092143148846e-84
0.1075,0.007107569068732658,0.08732272617239743,0.3640168270467155,0.2236002800615275,1.046709009531104,1.0467058552455066,1.0466993318801179,1.0466809945200128,9.245874809823335e-06,3.0135358290954334e-06,1.75195309755384e-05,0.45029195578990455,2.9925424078813825e-67,8.236092143148846e-84
0.11058333333333334,0.007323817557857699,0.09050421817331086,0.36259621363876643,0.223174942407711,1.065405003788007,1.0654018879394778,1.0653949702938887,1.065375992818056,9.41762857715855e-06,2.924575753523483e-06,1.7812937367469914e-05,0.454134906254729,3.131606760272188e-67,0.0
0.11366666666666667,0.0075408142629162945,0.09373623497574006,0.3611584347390784,0.22274757062128756,1.0840736231800878,1.0840705465808425,1.084063218821376,1.0840435734156442,9.597557163946868e-06,2.8380064886410625e-06,1.8122339556643427e-05,0.457891159965179,8.757191539735654e-68,8.236092143148846e-84
0.11675,0.00775856430700995,0.09702022329011092,0.35970310162179453,0.22231814582760928,1.1027247313329704,1.1027216945722191,1.1027139397163632,1.1026935960729183,9.786415332690927e-06,2.753877761094027e-06,1.8449044700529715e-05,0.4615597378334927,7.329361506484476e-67,8.236092143148846e-84
0.11983333333333333,0.007977072866064748,0.10035769157344587,0.35822981176134105,0.2218866488816805,1.1213678504007218,1.1213648538407726,1.1213566536066994,1.1213355786684374,9.98504265915415e-06,2.672243506680137e-06,1.879449708277136e-05,0.465140137020181,2.4076280983106333e-67,1.6472184286297693e-83
0.12291666666666666,0.008196345169561426,0.10375021359732971,0.356738148134973,0.2214530603627728,1.1400122103095112,1.1400092540805877,1.1400005887155062,1.139978746384635,1.0194375441604378e-05,2.593162215930506e-06,1.916029657620326e-05,0.4686323926239606,4.51909277383656e-67,0.0
0.126,0.00841638650127816,0.10719943227894194,0.35522767847846837,0.22101736056890017,1.1586667937065909,1.1586638777003244,1.1586547257837674,1.1586320765886886,1.041546075367616e-05,2.5166973119047956e-06,1.9548220299148705e-05,0.4720371468080396,5.938626890324801e-67,0.0
0.12908333333333333,0.008637202200046254,0.11070706379893691,0.35369795449099967,0.22057952951114945,1.1773403773131532,1.1773375011746934,1.1773278393919717,1.1773043401052294,1.0649473121999441e-05,2.442917563466435e-06,1.9960248120980104e-05,0.4753557274895694,3.293853695119036e-67,0.0
0.13216666666666665,0.008858797660519094,0.1142749020325149,0.3521485109847992,0.2201395469078616,1.196041570283785,1.1960387334024583,1.1960285362824212,1.1960041394809715,1.0897734433762063e-05,2.371897537620252e-06,2.03985928179066e-05,0.4785902395429515,4.235586025432359e-67,0.0
0.13525,0.009081178333954557,0.1179048233229121,0.35057886497477947,0.21969739217865872,1.2147788500978018,1.2147760515962305,1.2147652912060873,1.214739944763265,1.1161737837499342e-05,2.303718094829247e-06,2.0865735856986355e-05,0.4817436725402278,4.5841898618473885e-67,0.0
0.13833333333333334,0.009304349729011223,0.12159879162979012,0.3489885147027502,0.21925304443831187,1.2335605964454115,1.2335578351669894,1.2335464807551852,1.2335201272514296,1.1443176602188626e-05,2.238466931575583e-06,2.1364470002205494e-05,0.484820030417947,4.335884210319203e-67,0.0
0.14141666666666666,0.009528317412558654,0.12535886408868194,0.34737693859029595,0.2188064824904442,1.2523951235218023,1.2523923980164036,1.2523804155923044,1.252352991628862,1.1743979157376642e-05,2.1762391747864087e-06,2.189795019916338e-05,0.4878244901605938,5.57898433335703e-67,0.0
0.1445,0.009753087010502051,0.1291871970218127,0.3457435941137203,0.2183576848210641,1.2712907111029077,1.2712880196106904,1.2712753714469571,1.2712468068432805,1.206635186616528e-05,2.1171380330972307e-06,2.246975451401212e-05,0.4907635986550853,4.778525126378632e-67,0.0
0.14758333333333334,0.009978664208621587,0.13308605244533567,0.3440879165937241,0.21790662959192236,1.290255634746206,1.2902529751793461,1.2902396192192136,1.2902098360704637,1.2412831503301376e-05,2.0612755102586686e-06,2.308395728913711e-05,0.49364551930494144,4.702830763098433e-67,0.0
0.15066666666666667,0.010205054753426746,0.1370578051233917,0.34240931789164347,0.21745329463368754,1.3092981954372842,1.3092955653594596,1.3092814545064269,1.309250366072186,1.2786349947682739e-05,2.008773186283761e-06,2.3745217145995223e-05,0.4964803427629177,6.012055442796089e-67,0.0
0.15375,0.010432264453025968,0.14110495022551733,0.34070718500312214,0.21699765743893337,1.3284267489871966,1.3284241455906118,1.3284092268519958,1.3283767362407841,1.3190314284548635e-05,1.959763072150312e-06,2.4458883030263153e-05,0.4992804791515655,5.070150692259534e-67,0.0
0.15683333333333332,0.010660299178011961,0.1452301116509104,0.33898087853900805,0.21653969515493157,1.3476497354762051,1.3476471555559293,1.347631369003957,1.347597367610133,1.3628706388485858e-05,1.9143885439704248e-06,2.5231122174412686e-05,0.502061152205783,6.786742650740608e-67,0.0
0.15991666666666668,0.010889164862362997,0.1494360510910581,0.33722973108202536,0.21607938457624332,1.3669757090359653,1.3669731489613217,1.3669564264654128,1.366920792105216,1.4106207176297863e-05,1.8728053624538708e-06,2.606907466954024e-05,0.5048410185766284,5.752941998646222e-67,0.0
0.163,0.011118867504360544,0.15372567791140443,0.3354530454063619,0.2156167021371024,1.3864133682643578,1.3864108239470834,1.3863930876180606,1.3863556822995031,1.4628352145009117e-05,1.8351827831349348e-06,2.6981040316780924e-05,0.5076429376010707,3.632662124267004e-67,0.0
0.16608333333333333,0.011349413167523598,0.15810205994328672,0.33365009254568745,0.21515162390358303,1.4059715875749803,1.4059690544338397,1.4059502147041625,1.405910881950727,1.5201726628954378e-05,1.801704762081987e-06,2.7976704597977346e-05,0.5104949174801756,6.4531873289954e-67,0.0
0.16916666666666666,0.01158080798156009,0.16256843528953946,0.33182010969325804,0.21468412556554378,1.425659449796963,1.4256569227184746,1.425636875961107,1.4255954375911788,1.5834211527863806e-05,1.7725712604972747e-06,2.9067411999007103e-05,0.5134312620933075,7.028670300998263e-67,0.0
0.17225,0.01181305814333571,0.1671282252612362,0.3299622979156124,0.21421418242834095,1.4454862803605704,1.4454837536554757,1.445462379216305,1.4454186314582451,1.653529321071512e-05,1.747999649510426e-06,3.02664965759203e-05,0.5164939374426359,6.6044494459977834e-68,1.6472184286297693e-83
0.17533333333333334,0.012046169917860568,0.17178504857935908,0.3280758196588863,0.21374176940430178,1.465461683430598,1.4654591507856793,1.46543630726864,1.465390016064586,1.7316455060045003e-05,1.728226213255774e-06,3.1589681618068695e-05,0.5197341666142856,4.447596791204082e-67,1.6472184286297693e-83
0.17841666666666667,0.012280149639294087,0.17654273699416548,0.3261597960238954,0.21326686100394993,1.4855955803835774,1.4855930348084085,1.4855685554063367,1.485519450725163,1.8191672907002125e-05,1.7135077435654208e-06,3.3055562584255936e-05,0.5232142457500681,4.281925216073569e-67,1.6472184286297693e-83
0.1815,0.012515003711968502,0.18140535249716172,0.3242133037827916,0.2127894313269732,1.5058982510673156,1.5058956848355232,1.505869371440215,1.5058171403804397,1.917804269639193e-05,1.7041232127086903e-06,3.468619022503645e-05,0.5270095496484478,3.939334079061424e-67,1.6472184286297693e-83
0.18458333333333332,0.01275073861143141,0.1863772063265056,0.32223537210620307,0.21230945405292495,1.5263803783336376,1.5263777829182505,1.5263493986663532,1.5262936770816997,2.029657646633618e-05,1.7003755007415442e-06,3.650777402161206e-05,0.5312106636952336,3.9278333297855735e-67,0.0
0.18766666666666668,0.012987360885507799,0.1914628799970824,0.32022497896520086,0.21182690243164864,1.5470530963990365,1.5470504624015318,1.5470197222137065,1.5469600845358424,2.1573212578136858e-05,1.7025931400632072e-06,3.855152984245517e-05,0.5359255395405262,1.7062626625741876e-67,1.6472184286297693e-83
0.19075,0.013224877155381969,0.1966672486223439,0.3181810471670829,0.21134174927341562,1.5679280436654153,1.5679253607381252,1.5678919192809055,1.5678278661435872,2.3040098660724934e-05,1.7111320201470654e-06,4.085470012471412e-05,0.541281527923952,2.369541569058664e-67,0.0
0.19383333333333333,0.01346329411669983,0.20199550683738307,0.31610243997765103,0.21085396693876501,1.5890174207269068,1.5890146774885658,1.5889781138230752,1.5889090570071682,2.473722167075182e-05,1.7263769679533539e-06,4.346178001977637e-05,0.5474270985972918,3.733174634757004e-67,1.6472184286297693e-83
0.19691666666666666,0.013702618540692012,0.20745319768302228,0.31398795627519144,0.21036352732803495,1.610334054402267,1.6103312383466555,1.6102910363149905,1.6102162804318256,2.671447974705189e-05,1.7487430812361068e-06,4.642598890188423e-05,0.5545330227558344,2.0425644693565693e-67,0.0
0.2,0.01394285727531827,0.21304624487063284,0.3118363251725032,0.20987040187057285,1.6318914687698138,1.6318885661677445,1.6318440892922883,1.6317628095002612,2.9034316352049723e-05,1.7786766386388833e-06,4.981103353608816e-05,0.5627927789032853,2.4702724057515706e-67,1.6472184286297693e-83
