t,N,source_L,target_R,comparison,source_Z,target_Z,free_frame_power,ratio,norm_ratio,phase_difference_rad,relative_disagreement
0.52,3,5.0,12,s=+1,2.0264013646158437e-10,6.249924766999017e-10,1.2893735355490177,0.2514617465180153,0.2514617465180153,0.0,0.7485382534819847
0.52,3,5.0,12,s=-1,2.2030493199140322e-10,6.802728590544874e-10,1.2893735355490177,0.25116685270474526,0.25116685270474526,0.0,0.7488331472952547
0.52,3,5.0,12,resolved_00,2.120256207592664e-10,6.54397553649333e-10,1.2893735355490177,0.25128578647460764,0.25128578647460764,-7.985541205503027e-19,0.7487142135253924
0.52,3,5.0,12,resolved_11,2.1091944769372128e-10,6.508677821050563e-10,1.2893735355490177,0.25133044421995365,0.25133044421995365,-2.5531406405534103e-19,0.7486695557800463
0.52,3,5.0,12,spin_sum,4.2294506845298767e-10,1.3052653357543891e-09,1.2893735355490177,0.251308054964294,0.251308054964294,-5.276738800956301e-19,0.748691945035706
0.56,3,5.0,12,s=+1,1.9853458188944975e-10,6.213505419865564e-10,1.2657412389928568,0.2524378973129998,0.2524378973129998,0.0,0.7475621026870002
0.56,3,5.0,12,s=-1,2.157294215606387e-10,6.75676319480871e-10,1.2657412389928568,0.25224684939902625,0.25224684939902625,0.0,0.7477531506009738
0.56,3,5.0,12,resolved_00,2.0876176117429304e-10,6.53806074407808e-10,1.2657412389928568,0.2522650414659274,0.2522650414659274,-3.2552519150419248e-19,0.7477349585340727
0.56,3,5.0,12,resolved_11,2.0550224227579546e-10,6.432207870596196e-10,1.2657412389928568,0.2524129100164623,0.2524129100164623,1.8954977143366196e-19,0.7475870899835377
0.56,3,5.0,12,spin_sum,4.142640034500885e-10,1.2970268614674276e-09,1.2657412389928568,0.2523383723492592,0.2523383723492592,-7.005582942099125e-20,0.7476616276507408
0.6,3,5.0,12,s=+1,1.909387480166164e-10,6.174704431773435e-10,1.2226013135427836,0.25292574548201147,0.25292574548201147,0.0,0.7470742545179885
0.6,3,5.0,12,s=-1,2.072498596036154e-10,6.704552915790674e-10,1.2226013135427836,0.2528363802922596,0.2528363802922596,0.0,0.7471636197077405
0.6,3,5.0,12,resolved_00,2.017199465973768e-10,6.528144594598787e-10,1.2226013135427836,0.2527401397183914,0.2527401397183914,-4.456965445658913e-19,0.7472598602816086
0.6,3,5.0,12,resolved_11,1.9646866102285507e-10,6.351112752965323e-10,1.2226013135427836,0.25302218647476443,0.25302218647476443,-2.4978711931851465e-19,0.7469778135252356
0.6,3,5.0,12,spin_sum,3.9818860762023184e-10,1.287925734756411e-09,1.2226013135427836,0.25287922465962615,0.25287922465962615,-3.49075435472744e-19,0.7471207753403739
0.64,3,5.0,12,s=+1,1.8089583302100473e-10,6.130474967590535e-10,1.1666966287645855,0.25291611176668244,0.25291611176668244,0.0,0.7470838882333175
0.64,3,5.0,12,s=-1,1.960000089955573e-10,6.641047452287482e-10,1.1666966287645855,0.2529656571285548,0.2529656571285548,0.0,0.7470343428714452
0.64,3,5.0,12,resolved_00,1.9195578242966993e-10,6.510163969281208e-10,1.1666966287645855,0.25272681788793894,0.25272681788793894,-1.2659476418934694e-18,0.7472731821120611
0.64,3,5.0,12,resolved_11,1.8494005958689222e-10,6.261358450596812e-10,1.1666966287645855,0.253165477347739,0.253165477347739,5.14922171264664e-19,0.746834522652261
0.64,3,5.0,12,spin_sum,3.7689584201656215e-10,1.277152241987802e-09,1.1666966287645855,0.25294187479542857,0.25294187479542857,-3.9232018432989176e-19,0.7470581252045714
0.68,3,5.0,12,s=+1,1.695985693765836e-10,6.077975592502021e-10,1.1052930040739384,0.2524560667187804,0.2524560667187804,0.0,0.7475439332812196
0.68,3,5.0,12,s=-1,1.8326995490417121e-10,6.561211546878434e-10,1.1052930040739384,0.25271429641702486,0.25271429641702486,0.0,0.7472857035829752
0.68,3,5.0,12,resolved_00,1.8069773531750588e-10,6.479560369556692e-10,1.1052930040739384,0.2523072603647693,0.2523072603647693,3.2730462530619314e-19,0.7476927396352306
0.68,3,5.0,12,resolved_11,1.72170788963249e-10,6.159626769823765e-10,1.1052930040739384,0.2528876674522991,0.2528876674522991,-3.4073804924234426e-19,0.7471123325477009
0.68,3,5.0,12,spin_sum,3.5286852428075486e-10,1.2639187139380458e-09,1.1052930040739384,0.25259011803546594,0.25259011803546594,1.6786201376463356e-21,0.7474098819645341
0.6,3,3.0,12,s=+1,1.9088815499791034e-10,6.174704431773435e-10,1.2226013135427836,0.25285872777552004,0.25285872777552004,0.0,0.7471412722244799
0.6,3,3.0,12,s=-1,2.0722318856701208e-10,6.704552915790674e-10,1.2226013135427836,0.2528038427148334,0.2528038427148334,0.0,0.7471961572851666
0.6,3,3.0,12,resolved_00,2.017134444784801e-10,6.528144594598787e-10,1.2226013135427836,0.25273199304541166,0.25273199304541166,-6.878642099869155e-19,0.7472680069545883
0.6,3,3.0,12,resolved_11,1.9639789908644241e-10,6.351112752965323e-10,1.2226013135427836,0.25293105570725627,0.25293105570725627,4.4560362488560834e-20,0.7470689442927437
0.6,3,3.0,12,spin_sum,3.981113435649225e-10,1.287925734756411e-09,1.2226013135427836,0.2528301562683493,0.2528301562683493,-3.265710512855581e-19,0.7471698437316507
0.6,3,5.0,8,s=+1,1.909387480166164e-10,6.174702014262581e-10,1.2226013135427836,0.252925844507152,0.252925844507152,0.0,0.747074155492848
0.6,3,5.0,8,s=-1,2.072498596036154e-10,6.704552787731868e-10,1.2226013135427836,0.2528363851215042,0.2528363851215042,0.0,0.7471636148784958
0.6,3,5.0,8,resolved_00,2.017199465973768e-10,6.528143511963565e-10,1.2226013135427836,0.25274018163312206,0.25274018163312206,2.456465202989631e-19,0.7472598183668779
0.6,3,5.0,8,resolved_11,1.9646866102285507e-10,6.351111290030885e-10,1.2226013135427836,0.2530222447566703,0.2530222447566703,4.750099609379793e-19,0.7469777552433297
0.6,3,5.0,8,spin_sum,3.9818860762023184e-10,1.287925480199445e-09,1.2226013135427836,0.25287927464090937,0.25287927464090937,3.587647130352296e-19,0.7471207253590906
0.6,4,3.0,8,s=+1,1.9261753579338848e-10,6.245924096045389e-10,1.2226013135427836,0.2522401769051357,0.2522401769051357,0.0,0.7477598230948643
0.6,4,3.0,8,s=-1,2.0893570557527144e-10,6.778775540379754e-10,1.2226013135427836,0.2521021516161499,0.2521021516161499,0.0,0.7478978483838501
0.6,4,3.0,8,resolved_00,2.0343309768408112e-10,6.60142236632974e-10,1.2226013135427836,0.25205727329149097,0.25205727329149097,-2.5217314619232655e-19,0.747942726708509
0.6,4,3.0,8,resolved_11,1.9812014368457886e-10,6.423277270095405e-10,1.2226013135427836,0.252282488881038,0.252282488881038,1.0259603144242929e-18,0.747717511118962
0.6,4,3.0,8,spin_sum,4.0155324136865995e-10,1.3024699636425144e-09,1.2226013135427836,0.25216834089516627,0.25216834089516627,3.782327930742438e-19,0.7478316591048337
0.6,4,3.0,12,s=+1,1.9261753579338848e-10,6.245926543903294e-10,1.2226013135427836,0.2522400780490082,0.2522400780490082,0.0,0.7477599219509918
0.6,4,3.0,12,s=-1,2.0893570557527144e-10,6.778775669061796e-10,1.2226013135427836,0.25210214683047455,0.25210214683047455,0.0,0.7478978531695255
0.6,4,3.0,12,resolved_00,2.0343309768408112e-10,6.60142345560537e-10,1.2226013135427836,0.2520572317004846,0.2520572317004846,-3.2907170849141603e-19,0.7479427682995154
0.6,4,3.0,12,resolved_11,1.9812014368457886e-10,6.423278757359721e-10,1.2226013135427836,0.2522824304668297,0.2522824304668297,-6.698227678195644e-19,0.7477175695331704
0.6,4,3.0,12,spin_sum,4.0155324136865995e-10,1.3024702212965091e-09,1.2226013135427836,0.2521682910113538,0.2521682910113538,-4.970369087987555e-19,0.7478317089886461
